timestamp,env,run_id,warmup,baseline,scheduler,node,success,admission_latency_ms,prefilter_latency_ms,filter_latency_ms,score_latency_ms,permit_wait_ms,prebind_latency_ms,bind_latency_ms,scheduler_total_latency_ms,pod_pending_duration_ms,pod_admission_to_running_ms,scheduler_cpu_millicores,scheduler_memory_mib,raw_log_path
2026-07-06T06:36:52Z,aks-real-sevsnp,B1-1,true,B1,default-scheduler,aks-system-37319869-vmss000000,success,3282,,,,,,,1419,4701,2436,5.0,14.0,article1/results/raw/aks/performance-b1-b5/b1-001-073640.log
2026-07-06T06:37:04Z,aks-real-sevsnp,B1-2,true,B1,default-scheduler,aks-system-37319869-vmss000000,success,2667,,,,,,,1153,3820,2336,5.0,14.0,article1/results/raw/aks/performance-b1-b5/b1-002-073653.log
2026-07-06T06:37:17Z,aks-real-sevsnp,B1-3,false,B1,default-scheduler,aks-system-37319869-vmss000000,success,2832,,,,,,,2137,4969,3369,5.0,14.0,article1/results/raw/aks/performance-b1-b5/b1-003-073705.log
2026-07-06T06:37:29Z,aks-real-sevsnp,B1-4,false,B1,default-scheduler,aks-system-37319869-vmss000000,success,2741,,,,,,,947,3688,2058,5.0,14.0,article1/results/raw/aks/performance-b1-b5/b1-004-073718.log
2026-07-06T06:37:41Z,aks-real-sevsnp,B1-5,false,B1,default-scheduler,aks-system-37319869-vmss000000,success,2719,,,,,,,1298,4017,2347,5.0,14.0,article1/results/raw/aks/performance-b1-b5/b1-005-073730.log
2026-07-06T06:37:53Z,aks-real-sevsnp,B1-6,false,B1,default-scheduler,aks-system-37319869-vmss000000,success,2640,,,,,,,1009,3649,2201,3.0,14.0,article1/results/raw/aks/performance-b1-b5/b1-006-073742.log
2026-07-06T06:38:07Z,aks-real-sevsnp,B1-7,false,B1,default-scheduler,aks-system-37319869-vmss000000,success,3200,,,,,,,1267,4467,2323,3.0,14.0,article1/results/raw/aks/performance-b1-b5/b1-007-073755.log
2026-07-06T06:38:19Z,aks-real-sevsnp,B1-8,false,B1,default-scheduler,aks-system-37319869-vmss000000,success,2681,,,,,,,990,3671,1998,3.0,14.0,article1/results/raw/aks/performance-b1-b5/b1-008-073808.log
2026-07-06T06:38:31Z,aks-real-sevsnp,B1-9,false,B1,default-scheduler,aks-system-37319869-vmss000000,success,2466,,,,,,,1116,3582,2592,3.0,14.0,article1/results/raw/aks/performance-b1-b5/b1-009-073820.log
2026-07-06T06:38:44Z,aks-real-sevsnp,B1-10,false,B1,default-scheduler,aks-system-37319869-vmss000000,success,2446,,,,,,,1173,3619,2550,3.0,14.0,article1/results/raw/aks/performance-b1-b5/b1-010-073832.log
2026-07-06T06:38:55Z,aks-real-sevsnp,B1-11,false,B1,default-scheduler,aks-system-37319869-vmss000000,success,2402,,,,,,,1034,3436,2062,1.0,14.0,article1/results/raw/aks/performance-b1-b5/b1-011-073845.log
2026-07-06T06:39:07Z,aks-real-sevsnp,B1-12,false,B1,default-scheduler,aks-system-37319869-vmss000000,success,2476,,,,,,,1063,3539,2287,1.0,14.0,article1/results/raw/aks/performance-b1-b5/b1-012-073856.log
2026-07-06T06:39:20Z,aks-real-sevsnp,B1-13,false,B1,default-scheduler,aks-system-37319869-vmss000000,success,2571,,,,,,,1226,3797,2642,1.0,14.0,article1/results/raw/aks/performance-b1-b5/b1-013-073908.log
2026-07-06T06:39:33Z,aks-real-sevsnp,B1-14,false,B1,default-scheduler,aks-system-37319869-vmss000000,success,2867,,,,,,,1278,4145,2417,1.0,14.0,article1/results/raw/aks/performance-b1-b5/b1-014-073921.log
2026-07-06T06:39:46Z,aks-real-sevsnp,B1-15,false,B1,default-scheduler,aks-system-37319869-vmss000000,success,3078,,,,,,,1226,4304,2586,1.0,14.0,article1/results/raw/aks/performance-b1-b5/b1-015-073934.log
2026-07-06T06:39:58Z,aks-real-sevsnp,B1-16,false,B1,default-scheduler,aks-system-37319869-vmss000000,success,2245,,,,,,,996,3241,1948,4.0,15.0,article1/results/raw/aks/performance-b1-b5/b1-016-073947.log
2026-07-06T06:40:10Z,aks-real-sevsnp,B1-17,false,B1,default-scheduler,aks-system-37319869-vmss000000,success,2544,,,,,,,1172,3716,2501,4.0,15.0,article1/results/raw/aks/performance-b1-b5/b1-017-073959.log
2026-07-06T06:40:24Z,aks-real-sevsnp,B1-18,false,B1,default-scheduler,aks-system-37319869-vmss000000,success,2899,,,,,,,1376,4275,2489,4.0,15.0,article1/results/raw/aks/performance-b1-b5/b1-018-074012.log
2026-07-06T06:40:36Z,aks-real-sevsnp,B1-19,false,B1,default-scheduler,aks-system-37319869-vmss000000,success,2589,,,,,,,1169,3758,2178,4.0,15.0,article1/results/raw/aks/performance-b1-b5/b1-019-074025.log
2026-07-06T06:40:48Z,aks-real-sevsnp,B1-20,false,B1,default-scheduler,aks-system-37319869-vmss000000,success,1862,,,,,,,1057,2919,2219,4.0,15.0,article1/results/raw/aks/performance-b1-b5/b1-020-074037.log
2026-07-06T06:41:01Z,aks-real-sevsnp,B1-21,false,B1,default-scheduler,aks-system-37319869-vmss000000,success,2695,,,,,,,1137,3832,2436,1.0,14.0,article1/results/raw/aks/performance-b1-b5/b1-021-074049.log
2026-07-06T06:41:14Z,aks-real-sevsnp,B1-22,false,B1,default-scheduler,aks-system-37319869-vmss000000,success,2659,,,,,,,1220,3879,2234,1.0,14.0,article1/results/raw/aks/performance-b1-b5/b1-022-074102.log
2026-07-06T06:41:26Z,aks-real-sevsnp,B1-23,false,B1,default-scheduler,aks-system-37319869-vmss000000,success,1997,,,,,,,1032,3029,2372,1.0,14.0,article1/results/raw/aks/performance-b1-b5/b1-023-074115.log
2026-07-06T06:41:39Z,aks-real-sevsnp,B1-24,false,B1,default-scheduler,aks-system-37319869-vmss000000,success,2664,,,,,,,1536,4200,2799,1.0,14.0,article1/results/raw/aks/performance-b1-b5/b1-024-074127.log
2026-07-06T06:41:53Z,aks-real-sevsnp,B1-25,false,B1,default-scheduler,aks-system-37319869-vmss000000,success,3238,,,,,,,1490,4728,2776,2.0,16.0,article1/results/raw/aks/performance-b1-b5/b1-025-074141.log
2026-07-06T06:42:07Z,aks-real-sevsnp,B1-26,false,B1,default-scheduler,aks-system-37319869-vmss000000,success,2555,,,,,,,1632,4187,2959,2.0,16.0,article1/results/raw/aks/performance-b1-b5/b1-026-074154.log
2026-07-06T06:42:20Z,aks-real-sevsnp,B1-27,false,B1,default-scheduler,aks-system-37319869-vmss000000,success,2891,,,,,,,1324,4215,2538,2.0,16.0,article1/results/raw/aks/performance-b1-b5/b1-027-074208.log
2026-07-06T06:42:32Z,aks-real-sevsnp,B1-28,false,B1,default-scheduler,aks-system-37319869-vmss000000,success,2658,,,,,,,942,3600,1945,2.0,16.0,article1/results/raw/aks/performance-b1-b5/b1-028-074221.log
2026-07-06T06:42:46Z,aks-real-sevsnp,B1-29,false,B1,default-scheduler,aks-system-37319869-vmss000000,success,2810,,,,,,,1122,3932,2760,2.0,16.0,article1/results/raw/aks/performance-b1-b5/b1-029-074233.log
2026-07-06T06:42:58Z,aks-real-sevsnp,B1-30,false,B1,default-scheduler,aks-system-37319869-vmss000000,success,2260,,,,,,,1110,3370,2223,3.0,16.0,article1/results/raw/aks/performance-b1-b5/b1-030-074247.log
2026-07-06T06:43:10Z,aks-real-sevsnp,B1-31,false,B1,default-scheduler,aks-system-37319869-vmss000000,success,2301,,,,,,,1281,3582,2338,3.0,16.0,article1/results/raw/aks/performance-b1-b5/b1-031-074259.log
2026-07-06T06:43:24Z,aks-real-sevsnp,B1-32,false,B1,default-scheduler,aks-system-37319869-vmss000000,success,3016,,,,,,,1075,4091,2094,3.0,16.0,article1/results/raw/aks/performance-b1-b5/b1-032-074311.log
2026-07-06T06:43:39Z,aks-real-sevsnp,B2-1,true,B2,default-scheduler,aks-conf-12838440-vmss000006,success,2924,,,,,,,1025,3949,4357,3.0,16.0,article1/results/raw/aks/performance-b1-b5/b2-001-074325.log
2026-07-06T06:43:52Z,aks-real-sevsnp,B2-2,true,B2,default-scheduler,aks-conf-12838440-vmss000006,success,2710,,,,,,,1154,3864,2308,1.0,16.0,article1/results/raw/aks/performance-b1-b5/b2-002-074340.log
2026-07-06T06:44:04Z,aks-real-sevsnp,B2-3,false,B2,default-scheduler,aks-conf-12838440-vmss000006,success,2503,,,,,,,1073,3576,2368,1.0,16.0,article1/results/raw/aks/performance-b1-b5/b2-003-074353.log
2026-07-06T06:44:17Z,aks-real-sevsnp,B2-4,false,B2,default-scheduler,aks-conf-12838440-vmss000006,success,2919,,,,,,,1130,4049,2252,1.0,16.0,article1/results/raw/aks/performance-b1-b5/b2-004-074405.log
2026-07-06T06:44:30Z,aks-real-sevsnp,B2-5,false,B2,default-scheduler,aks-conf-12838440-vmss000006,success,2192,,,,,,,1183,3375,2620,1.0,16.0,article1/results/raw/aks/performance-b1-b5/b2-005-074418.log
2026-07-06T06:44:44Z,aks-real-sevsnp,B2-6,false,B2,default-scheduler,aks-conf-12838440-vmss000006,success,2256,,,,,,,1114,3370,2108,1.0,16.0,article1/results/raw/aks/performance-b1-b5/b2-006-074431.log
2026-07-06T06:44:55Z,aks-real-sevsnp,B2-7,false,B2,default-scheduler,aks-conf-12838440-vmss000006,success,2380,,,,,,,1215,3595,2166,1.0,14.0,article1/results/raw/aks/performance-b1-b5/b2-007-074445.log
2026-07-06T06:45:08Z,aks-real-sevsnp,B2-8,false,B2,default-scheduler,aks-conf-12838440-vmss000006,success,2872,,,,,,,1005,3877,2336,1.0,14.0,article1/results/raw/aks/performance-b1-b5/b2-008-074456.log
2026-07-06T06:45:21Z,aks-real-sevsnp,B2-9,false,B2,default-scheduler,aks-conf-12838440-vmss000006,success,2635,,,,,,,1125,3760,2458,1.0,14.0,article1/results/raw/aks/performance-b1-b5/b2-009-074509.log
2026-07-06T06:45:33Z,aks-real-sevsnp,B2-10,false,B2,default-scheduler,aks-conf-12838440-vmss000006,success,2649,,,,,,,1087,3736,2061,1.0,14.0,article1/results/raw/aks/performance-b1-b5/b2-010-074522.log
2026-07-06T06:45:45Z,aks-real-sevsnp,B2-11,false,B2,default-scheduler,aks-conf-12838440-vmss000006,success,2555,,,,,,,1252,3807,2567,1.0,14.0,article1/results/raw/aks/performance-b1-b5/b2-011-074534.log
2026-07-06T06:45:59Z,aks-real-sevsnp,B2-12,false,B2,default-scheduler,aks-conf-12838440-vmss000006,success,2263,,,,,,,1403,3666,2630,1.0,14.0,article1/results/raw/aks/performance-b1-b5/b2-012-074547.log
2026-07-06T06:46:10Z,aks-real-sevsnp,B2-13,false,B2,default-scheduler,aks-conf-12838440-vmss000006,success,2045,,,,,,,1108,3153,2321,1.0,14.0,article1/results/raw/aks/performance-b1-b5/b2-013-074600.log
2026-07-06T06:46:24Z,aks-real-sevsnp,B2-14,false,B2,default-scheduler,aks-conf-12838440-vmss000006,success,2706,,,,,,,1316,4022,2526,1.0,14.0,article1/results/raw/aks/performance-b1-b5/b2-014-074611.log
2026-07-06T06:46:37Z,aks-real-sevsnp,B2-15,false,B2,default-scheduler,aks-conf-12838440-vmss000006,success,2363,,,,,,,1539,3902,2879,1.0,14.0,article1/results/raw/aks/performance-b1-b5/b2-015-074625.log
2026-07-06T06:46:49Z,aks-real-sevsnp,B2-16,false,B2,default-scheduler,aks-conf-12838440-vmss000006,success,2475,,,,,,,1303,3778,2442,1.0,14.0,article1/results/raw/aks/performance-b1-b5/b2-016-074638.log
2026-07-06T06:47:01Z,aks-real-sevsnp,B2-17,false,B2,default-scheduler,aks-conf-12838440-vmss000006,success,1970,,,,,,,1381,3351,2705,1.0,14.0,article1/results/raw/aks/performance-b1-b5/b2-017-074650.log
2026-07-06T06:47:14Z,aks-real-sevsnp,B2-18,false,B2,default-scheduler,aks-conf-12838440-vmss000006,success,2620,,,,,,,1195,3815,2703,1.0,14.0,article1/results/raw/aks/performance-b1-b5/b2-018-074703.log
2026-07-06T06:47:26Z,aks-real-sevsnp,B2-19,false,B2,default-scheduler,aks-conf-12838440-vmss000006,success,2258,,,,,,,1038,3296,2282,1.0,14.0,article1/results/raw/aks/performance-b1-b5/b2-019-074715.log
2026-07-06T06:47:42Z,aks-real-sevsnp,B2-20,false,B2,default-scheduler,aks-conf-12838440-vmss000006,success,2582,,,,,,,2690,5272,3812,1.0,14.0,article1/results/raw/aks/performance-b1-b5/b2-020-074727.log
2026-07-06T06:47:55Z,aks-real-sevsnp,B2-21,false,B2,default-scheduler,aks-conf-12838440-vmss000006,success,2726,,,,,,,1372,4098,2553,4.0,14.0,article1/results/raw/aks/performance-b1-b5/b2-021-074743.log
2026-07-06T06:48:08Z,aks-real-sevsnp,B2-22,false,B2,default-scheduler,aks-conf-12838440-vmss000006,success,2350,,,,,,,1058,3408,2400,4.0,14.0,article1/results/raw/aks/performance-b1-b5/b2-022-074757.log
2026-07-06T06:48:21Z,aks-real-sevsnp,B2-23,false,B2,default-scheduler,aks-conf-12838440-vmss000006,success,2862,,,,,,,1274,4136,2715,4.0,14.0,article1/results/raw/aks/performance-b1-b5/b2-023-074809.log
2026-07-06T06:48:35Z,aks-real-sevsnp,B2-24,false,B2,default-scheduler,aks-conf-12838440-vmss000006,success,2650,,,,,,,1331,3981,2568,4.0,14.0,article1/results/raw/aks/performance-b1-b5/b2-024-074823.log
2026-07-06T06:48:48Z,aks-real-sevsnp,B2-25,false,B2,default-scheduler,aks-conf-12838440-vmss000006,success,2089,,,,,,,1121,3210,2395,4.0,14.0,article1/results/raw/aks/performance-b1-b5/b2-025-074836.log
2026-07-06T06:49:00Z,aks-real-sevsnp,B2-26,false,B2,default-scheduler,aks-conf-12838440-vmss000006,success,2390,,,,,,,984,3374,2319,1.0,14.0,article1/results/raw/aks/performance-b1-b5/b2-026-074849.log
2026-07-06T06:49:13Z,aks-real-sevsnp,B2-27,false,B2,default-scheduler,aks-conf-12838440-vmss000006,success,2270,,,,,,,1056,3326,2358,1.0,14.0,article1/results/raw/aks/performance-b1-b5/b2-027-074902.log
2026-07-06T06:49:25Z,aks-real-sevsnp,B2-28,false,B2,default-scheduler,aks-conf-12838440-vmss000006,success,2348,,,,,,,1159,3507,2286,1.0,14.0,article1/results/raw/aks/performance-b1-b5/b2-028-074914.log
2026-07-06T06:49:36Z,aks-real-sevsnp,B2-29,false,B2,default-scheduler,aks-conf-12838440-vmss000006,success,2254,,,,,,,982,3236,1961,1.0,14.0,article1/results/raw/aks/performance-b1-b5/b2-029-074926.log
2026-07-06T06:49:50Z,aks-real-sevsnp,B2-30,false,B2,default-scheduler,aks-conf-12838440-vmss000006,success,2876,,,,,,,1632,4508,2872,1.0,14.0,article1/results/raw/aks/performance-b1-b5/b2-030-074938.log
2026-07-06T06:50:02Z,aks-real-sevsnp,B2-31,false,B2,default-scheduler,aks-conf-12838440-vmss000006,success,2423,,,,,,,1251,3674,2562,1.0,14.0,article1/results/raw/aks/performance-b1-b5/b2-031-074951.log
2026-07-06T06:50:16Z,aks-real-sevsnp,B2-32,false,B2,default-scheduler,aks-conf-12838440-vmss000006,success,3040,,,,,,,1205,4245,2860,1.0,14.0,article1/results/raw/aks/performance-b1-b5/b2-032-075003.log
2026-07-06T06:50:28Z,aks-real-sevsnp,B3-1,true,B3,default-scheduler,aks-system-37319869-vmss000000,success,2528,,,,,,,1098,3626,2199,1.0,14.0,article1/results/raw/aks/performance-b1-b5/b3-001-075017.log
2026-07-06T06:50:42Z,aks-real-sevsnp,B3-2,true,B3,default-scheduler,aks-system-37319869-vmss000000,success,2818,,,,,,,1237,4055,2585,1.0,14.0,article1/results/raw/aks/performance-b1-b5/b3-002-075029.log
2026-07-06T06:50:55Z,aks-real-sevsnp,B3-3,false,B3,default-scheduler,aks-system-37319869-vmss000000,success,2642,,,,,,,1105,3747,2220,1.0,14.0,article1/results/raw/aks/performance-b1-b5/b3-003-075043.log
2026-07-06T06:51:06Z,aks-real-sevsnp,B3-4,false,B3,default-scheduler,aks-system-37319869-vmss000000,success,2162,,,,,,,1179,3341,2201,1.0,14.0,article1/results/raw/aks/performance-b1-b5/b3-004-075056.log
2026-07-06T06:51:18Z,aks-real-sevsnp,B3-5,false,B3,default-scheduler,aks-system-37319869-vmss000000,success,2548,,,,,,,1226,3774,2562,1.0,14.0,article1/results/raw/aks/performance-b1-b5/b3-005-075107.log
2026-07-06T06:51:30Z,aks-real-sevsnp,B3-6,false,B3,default-scheduler,aks-system-37319869-vmss000000,success,2428,,,,,,,1170,3598,2271,1.0,14.0,article1/results/raw/aks/performance-b1-b5/b3-006-075119.log
2026-07-06T06:51:42Z,aks-real-sevsnp,B3-7,false,B3,default-scheduler,aks-system-37319869-vmss000000,success,2052,,,,,,,971,3023,1947,1.0,14.0,article1/results/raw/aks/performance-b1-b5/b3-007-075132.log
2026-07-06T06:51:54Z,aks-real-sevsnp,B3-8,false,B3,default-scheduler,aks-system-37319869-vmss000000,success,2728,,,,,,,1012,3740,2174,1.0,14.0,article1/results/raw/aks/performance-b1-b5/b3-008-075143.log
2026-07-06T06:52:08Z,aks-real-sevsnp,B3-9,false,B3,default-scheduler,aks-system-37319869-vmss000000,success,2393,,,,,,,1265,3658,2403,1.0,14.0,article1/results/raw/aks/performance-b1-b5/b3-009-075156.log
2026-07-06T06:52:20Z,aks-real-sevsnp,B3-10,false,B3,default-scheduler,aks-system-37319869-vmss000000,success,2002,,,,,,,1052,3054,2186,1.0,14.0,article1/results/raw/aks/performance-b1-b5/b3-010-075209.log
2026-07-06T06:52:32Z,aks-real-sevsnp,B3-11,false,B3,default-scheduler,aks-system-37319869-vmss000000,success,2770,,,,,,,1159,3929,2191,1.0,14.0,article1/results/raw/aks/performance-b1-b5/b3-011-075221.log
2026-07-06T06:52:46Z,aks-real-sevsnp,B3-12,false,B3,default-scheduler,aks-system-37319869-vmss000000,success,2776,,,,,,,1222,3998,2454,1.0,14.0,article1/results/raw/aks/performance-b1-b5/b3-012-075233.log
2026-07-06T06:52:59Z,aks-real-sevsnp,B3-13,false,B3,default-scheduler,aks-system-37319869-vmss000000,success,2648,,,,,,,1367,4015,2792,1.0,14.0,article1/results/raw/aks/performance-b1-b5/b3-013-075247.log
2026-07-06T06:53:12Z,aks-real-sevsnp,B3-14,false,B3,default-scheduler,aks-system-37319869-vmss000000,success,2396,,,,,,,1059,3455,2295,1.0,14.0,article1/results/raw/aks/performance-b1-b5/b3-014-075300.log
2026-07-06T06:53:23Z,aks-real-sevsnp,B3-15,false,B3,default-scheduler,aks-system-37319869-vmss000000,success,2078,,,,,,,967,3045,1907,1.0,14.0,article1/results/raw/aks/performance-b1-b5/b3-015-075313.log
2026-07-06T06:53:34Z,aks-real-sevsnp,B3-16,false,B3,default-scheduler,aks-system-37319869-vmss000000,success,2609,,,,,,,1477,4086,2598,1.0,14.0,article1/results/raw/aks/performance-b1-b5/b3-016-075324.log
2026-07-06T06:53:46Z,aks-real-sevsnp,B3-17,false,B3,default-scheduler,aks-system-37319869-vmss000000,success,2475,,,,,,,955,3430,1996,1.0,14.0,article1/results/raw/aks/performance-b1-b5/b3-017-075335.log
2026-07-06T06:53:58Z,aks-real-sevsnp,B3-18,false,B3,default-scheduler,aks-system-37319869-vmss000000,success,2603,,,,,,,1147,3750,2295,1.0,14.0,article1/results/raw/aks/performance-b1-b5/b3-018-075347.log
2026-07-06T06:54:10Z,aks-real-sevsnp,B3-19,false,B3,default-scheduler,aks-system-37319869-vmss000000,success,2380,,,,,,,1297,3677,2636,1.0,14.0,article1/results/raw/aks/performance-b1-b5/b3-019-075359.log
2026-07-06T06:54:24Z,aks-real-sevsnp,B3-20,false,B3,default-scheduler,aks-system-37319869-vmss000000,success,3111,,,,,,,1219,4330,2338,1.0,14.0,article1/results/raw/aks/performance-b1-b5/b3-020-075411.log
2026-07-06T06:54:35Z,aks-real-sevsnp,B3-21,false,B3,default-scheduler,aks-system-37319869-vmss000000,success,2558,,,,,,,1148,3706,2111,1.0,14.0,article1/results/raw/aks/performance-b1-b5/b3-021-075425.log
2026-07-06T06:54:47Z,aks-real-sevsnp,B3-22,false,B3,default-scheduler,aks-system-37319869-vmss000000,success,2087,,,,,,,1045,3132,2439,1.0,14.0,article1/results/raw/aks/performance-b1-b5/b3-022-075436.log
2026-07-06T06:54:59Z,aks-real-sevsnp,B3-23,false,B3,default-scheduler,aks-system-37319869-vmss000000,success,2554,,,,,,,1167,3721,2281,1.0,14.0,article1/results/raw/aks/performance-b1-b5/b3-023-075448.log
2026-07-06T06:55:11Z,aks-real-sevsnp,B3-24,false,B3,default-scheduler,aks-system-37319869-vmss000000,success,2719,,,,,,,1373,4092,2559,1.0,14.0,article1/results/raw/aks/performance-b1-b5/b3-024-075501.log
2026-07-06T06:55:23Z,aks-real-sevsnp,B3-25,false,B3,default-scheduler,aks-system-37319869-vmss000000,success,2453,,,,,,,980,3433,2068,1.0,14.0,article1/results/raw/aks/performance-b1-b5/b3-025-075512.log
2026-07-06T06:55:36Z,aks-real-sevsnp,B3-26,false,B3,default-scheduler,aks-system-37319869-vmss000000,success,2871,,,,,,,1258,4129,2588,1.0,14.0,article1/results/raw/aks/performance-b1-b5/b3-026-075524.log
2026-07-06T06:55:50Z,aks-real-sevsnp,B3-27,false,B3,default-scheduler,aks-system-37319869-vmss000000,success,2803,,,,,,,1259,4062,2537,1.0,14.0,article1/results/raw/aks/performance-b1-b5/b3-027-075537.log
2026-07-06T06:56:02Z,aks-real-sevsnp,B3-28,false,B3,default-scheduler,aks-system-37319869-vmss000000,success,2215,,,,,,,1177,3392,2405,1.0,14.0,article1/results/raw/aks/performance-b1-b5/b3-028-075551.log
2026-07-06T06:56:16Z,aks-real-sevsnp,B3-29,false,B3,default-scheduler,aks-system-37319869-vmss000000,success,2470,,,,,,,1110,3580,2438,1.0,14.0,article1/results/raw/aks/performance-b1-b5/b3-029-075603.log
2026-07-06T06:56:28Z,aks-real-sevsnp,B3-30,false,B3,default-scheduler,aks-system-37319869-vmss000000,success,2337,,,,,,,1223,3560,2441,1.0,14.0,article1/results/raw/aks/performance-b1-b5/b3-030-075617.log
2026-07-06T06:56:40Z,aks-real-sevsnp,B3-31,false,B3,default-scheduler,aks-system-37319869-vmss000000,success,2515,,,,,,,1053,3568,2049,1.0,14.0,article1/results/raw/aks/performance-b1-b5/b3-031-075629.log
2026-07-06T06:56:54Z,aks-real-sevsnp,B3-32,false,B3,default-scheduler,aks-system-37319869-vmss000000,success,3018,,,,,,,1381,4399,2741,1.0,14.0,article1/results/raw/aks/performance-b1-b5/b3-032-075641.log
2026-07-06T06:57:09Z,aks-real-sevsnp,B4-1,true,B4,default-scheduler,aks-conf-12838440-vmss000006,success,2664,,,,,,,1043,6478,4866,1.0,14.0,article1/results/raw/aks/performance-b1-b5/b4-001-075655.log
2026-07-06T06:57:26Z,aks-real-sevsnp,B4-2,true,B4,default-scheduler,aks-conf-12838440-vmss000006,success,2670,,,,,,,1256,7237,5720,1.0,14.0,article1/results/raw/aks/performance-b1-b5/b4-002-075710.log
2026-07-06T06:57:40Z,aks-real-sevsnp,B4-3,false,B4,default-scheduler,aks-conf-12838440-vmss000006,success,2691,,,,,,,1076,6490,4861,1.0,14.0,article1/results/raw/aks/performance-b1-b5/b4-003-075727.log
2026-07-06T06:57:57Z,aks-real-sevsnp,B4-4,false,B4,default-scheduler,aks-conf-12838440-vmss000006,success,2562,,,,,,,1359,7055,5677,1.0,14.0,article1/results/raw/aks/performance-b1-b5/b4-004-075742.log
2026-07-06T06:58:13Z,aks-real-sevsnp,B4-5,false,B4,default-scheduler,aks-conf-12838440-vmss000006,success,2471,,,,,,,1330,6619,5574,1.0,14.0,article1/results/raw/aks/performance-b1-b5/b4-005-075758.log
2026-07-06T06:58:29Z,aks-real-sevsnp,B4-6,false,B4,default-scheduler,aks-conf-12838440-vmss000006,success,2256,,,,,,,1250,6225,5079,1.0,14.0,article1/results/raw/aks/performance-b1-b5/b4-006-075814.log
2026-07-06T06:58:45Z,aks-real-sevsnp,B4-7,false,B4,default-scheduler,aks-conf-12838440-vmss000006,success,2915,,,,,,,991,6703,4788,1.0,14.0,article1/results/raw/aks/performance-b1-b5/b4-007-075830.log
2026-07-06T06:59:00Z,aks-real-sevsnp,B4-8,false,B4,default-scheduler,aks-conf-12838440-vmss000006,success,2807,,,,,,,1158,6847,5078,2.0,15.0,article1/results/raw/aks/performance-b1-b5/b4-008-075846.log
2026-07-06T06:59:15Z,aks-real-sevsnp,B4-9,false,B4,default-scheduler,aks-conf-12838440-vmss000006,success,2551,,,,,,,1292,6761,5449,2.0,15.0,article1/results/raw/aks/performance-b1-b5/b4-009-075901.log
2026-07-06T06:59:31Z,aks-real-sevsnp,B4-10,false,B4,default-scheduler,aks-conf-12838440-vmss000006,success,2686,,,,,,,1119,6564,5236,2.0,15.0,article1/results/raw/aks/performance-b1-b5/b4-010-075916.log
2026-07-06T06:59:46Z,aks-real-sevsnp,B4-11,false,B4,default-scheduler,aks-conf-12838440-vmss000006,success,2277,,,,,,,1126,6140,4989,2.0,15.0,article1/results/raw/aks/performance-b1-b5/b4-011-075932.log
2026-07-06T07:00:00Z,aks-real-sevsnp,B4-12,false,B4,default-scheduler,aks-conf-12838440-vmss000006,success,2598,,,,,,,1130,6369,4945,3.0,16.0,article1/results/raw/aks/performance-b1-b5/b4-012-075947.log
2026-07-06T07:00:14Z,aks-real-sevsnp,B4-13,false,B4,default-scheduler,aks-conf-12838440-vmss000006,success,2474,,,,,,,1025,6299,4820,3.0,16.0,article1/results/raw/aks/performance-b1-b5/b4-013-080001.log
2026-07-06T07:00:31Z,aks-real-sevsnp,B4-14,false,B4,default-scheduler,aks-conf-12838440-vmss000006,success,2363,,,,,,,1210,6834,5914,3.0,16.0,article1/results/raw/aks/performance-b1-b5/b4-014-080016.log
2026-07-06T07:00:47Z,aks-real-sevsnp,B4-15,false,B4,default-scheduler,aks-conf-12838440-vmss000006,success,2681,,,,,,,1170,7062,5604,3.0,16.0,article1/results/raw/aks/performance-b1-b5/b4-015-080033.log
2026-07-06T07:01:04Z,aks-real-sevsnp,B4-16,false,B4,default-scheduler,aks-conf-12838440-vmss000006,success,2760,,,,,,,1290,7052,5666,1.0,16.0,article1/results/raw/aks/performance-b1-b5/b4-016-080048.log
2026-07-06T07:01:19Z,aks-real-sevsnp,B4-17,false,B4,default-scheduler,aks-conf-12838440-vmss000006,success,2806,,,,,,,1104,6636,5007,1.0,16.0,article1/results/raw/aks/performance-b1-b5/b4-017-080105.log
2026-07-06T07:01:33Z,aks-real-sevsnp,B4-18,false,B4,default-scheduler,aks-conf-12838440-vmss000006,success,1996,,,,,,,1194,5682,4638,1.0,16.0,article1/results/raw/aks/performance-b1-b5/b4-018-080121.log
2026-07-06T07:01:51Z,aks-real-sevsnp,B4-19,false,B4,default-scheduler,aks-conf-12838440-vmss000006,success,2437,,,,,,,1475,7082,6280,1.0,14.0,article1/results/raw/aks/performance-b1-b5/b4-019-080135.log
2026-07-06T07:02:06Z,aks-real-sevsnp,B4-20,false,B4,default-scheduler,aks-conf-12838440-vmss000006,success,2488,,,,,,,932,6617,5335,1.0,14.0,article1/results/raw/aks/performance-b1-b5/b4-020-080152.log
2026-07-06T07:02:22Z,aks-real-sevsnp,B4-21,false,B4,default-scheduler,aks-conf-12838440-vmss000006,success,2540,,,,,,,1321,7036,5523,1.0,14.0,article1/results/raw/aks/performance-b1-b5/b4-021-080207.log
2026-07-06T07:02:37Z,aks-real-sevsnp,B4-22,false,B4,default-scheduler,aks-conf-12838440-vmss000006,success,2749,,,,,,,1112,6847,5213,1.0,14.0,article1/results/raw/aks/performance-b1-b5/b4-022-080223.log
2026-07-06T07:02:53Z,aks-real-sevsnp,B4-23,false,B4,default-scheduler,aks-conf-12838440-vmss000006,success,2564,,,,,,,1114,6546,5440,1.0,14.0,article1/results/raw/aks/performance-b1-b5/b4-023-080239.log
2026-07-06T07:03:08Z,aks-real-sevsnp,B4-24,false,B4,default-scheduler,aks-conf-12838440-vmss000006,success,2949,,,,,,,1005,6399,4528,1.0,14.0,article1/results/raw/aks/performance-b1-b5/b4-024-080254.log
2026-07-06T07:03:23Z,aks-real-sevsnp,B4-25,false,B4,default-scheduler,aks-conf-12838440-vmss000006,success,2547,,,,,,,957,6073,4681,1.0,14.0,article1/results/raw/aks/performance-b1-b5/b4-025-080310.log
2026-07-06T07:03:38Z,aks-real-sevsnp,B4-26,false,B4,default-scheduler,aks-conf-12838440-vmss000006,success,2577,,,,,,,1140,6891,5432,1.0,14.0,article1/results/raw/aks/performance-b1-b5/b4-026-080325.log
2026-07-06T07:03:53Z,aks-real-sevsnp,B4-27,false,B4,default-scheduler,aks-conf-12838440-vmss000006,success,2766,,,,,,,1050,6510,5018,1.0,14.0,article1/results/raw/aks/performance-b1-b5/b4-027-080340.log
2026-07-06T07:04:10Z,aks-real-sevsnp,B4-28,false,B4,default-scheduler,aks-conf-12838440-vmss000006,success,2883,,,,,,,1104,7019,5662,1.0,14.0,article1/results/raw/aks/performance-b1-b5/b4-028-080355.log
2026-07-06T07:04:25Z,aks-real-sevsnp,B4-29,false,B4,default-scheduler,aks-conf-12838440-vmss000006,success,2937,,,,,,,1219,6988,5460,1.0,14.0,article1/results/raw/aks/performance-b1-b5/b4-029-080411.log
2026-07-06T07:04:40Z,aks-real-sevsnp,B4-30,false,B4,default-scheduler,aks-conf-12838440-vmss000006,success,2094,,,,,,,951,5785,4957,1.0,14.0,article1/results/raw/aks/performance-b1-b5/b4-030-080426.log
2026-07-06T07:04:56Z,aks-real-sevsnp,B4-31,false,B4,default-scheduler,aks-conf-12838440-vmss000006,success,2757,,,,,,,1234,7364,5900,1.0,14.0,article1/results/raw/aks/performance-b1-b5/b4-031-080441.log
2026-07-06T07:05:11Z,aks-real-sevsnp,B4-32,false,B4,default-scheduler,aks-conf-12838440-vmss000006,success,2423,,,,,,,1031,5956,4500,1.0,14.0,article1/results/raw/aks/performance-b1-b5/b4-032-080458.log
2026-07-06T07:05:25Z,aks-real-sevsnp,B5-1,true,B5,ai-attestation-scheduler,aks-conf-12838440-vmss000000,success,2613,85.028,49.145,0.003,0.0,21.902,9.862,220.533,3845,2456,1.0,14.0,article1/results/raw/aks/performance-b1-b5/b5-001-080512.log
2026-07-06T07:05:40Z,aks-real-sevsnp,B5-2,true,B5,ai-attestation-scheduler,aks-conf-12838440-vmss000000,success,2570,25.126,58.681,0.004,0.0,22.987,9.639,187.444,3735,2339,1.0,14.0,article1/results/raw/aks/performance-b1-b5/b5-002-080527.log
2026-07-06T07:05:56Z,aks-real-sevsnp,B5-3,false,B5,ai-attestation-scheduler,aks-conf-12838440-vmss000000,success,2357,26.67,131.802,0.004,0.0,21.562,10.196,239.254,3562,2343,2.0,15.0,article1/results/raw/aks/performance-b1-b5/b5-003-080541.log
2026-07-06T07:06:13Z,aks-real-sevsnp,B5-4,false,B5,ai-attestation-scheduler,aks-conf-12838440-vmss000005,success,2665,84.978,54.64,0.003,0.0,30.912,8.453,231.524,3909,4712,2.0,15.0,article1/results/raw/aks/performance-b1-b5/b5-004-080557.log
2026-07-06T07:06:28Z,aks-real-sevsnp,B5-5,false,B5,ai-attestation-scheduler,aks-conf-12838440-vmss000000,success,2409,76.584,54.043,0.003,0.0,23.688,12.013,225.151,3504,2727,2.0,15.0,article1/results/raw/aks/performance-b1-b5/b5-005-080614.log
2026-07-06T07:06:46Z,aks-real-sevsnp,B5-6,false,B5,ai-attestation-scheduler,aks-conf-12838440-vmss000000,success,2515,17.008,132.744,0.004,0.0,30.387,18.531,258.829,3544,2346,2.0,15.0,article1/results/raw/aks/performance-b1-b5/b5-006-080629.log
2026-07-06T07:07:01Z,aks-real-sevsnp,B5-7,false,B5,ai-attestation-scheduler,aks-conf-12838440-vmss000000,success,2285,19.907,55.621,0.008,0.0,31.532,11.21,194.284,3282,2005,2.0,17.0,article1/results/raw/aks/performance-b1-b5/b5-007-080647.log
2026-07-06T07:07:16Z,aks-real-sevsnp,B5-8,false,B5,ai-attestation-scheduler,aks-conf-12838440-vmss000005,success,2692,32.625,65.369,0.006,0.0,24.342,9.476,184.986,3706,2118,2.0,17.0,article1/results/raw/aks/performance-b1-b5/b5-008-080702.log
2026-07-06T07:07:30Z,aks-real-sevsnp,B5-9,false,B5,ai-attestation-scheduler,aks-conf-12838440-vmss000000,success,2865,83.643,55.295,0.003,0.0,34.433,7.589,243.173,4088,2416,2.0,17.0,article1/results/raw/aks/performance-b1-b5/b5-009-080717.log
2026-07-06T07:07:46Z,aks-real-sevsnp,B5-10,false,B5,ai-attestation-scheduler,aks-conf-12838440-vmss000000,success,2356,81.338,52.526,0.003,0.0,23.031,11.434,222.679,3601,2589,2.0,17.0,article1/results/raw/aks/performance-b1-b5/b5-010-080731.log
2026-07-06T07:08:01Z,aks-real-sevsnp,B5-11,false,B5,ai-attestation-scheduler,aks-conf-12838440-vmss000000,success,2572,25.215,42.857,0.007,0.0,24.205,9.611,171.318,3998,2647,2.0,17.0,article1/results/raw/aks/performance-b1-b5/b5-011-080747.log
2026-07-06T07:08:15Z,aks-real-sevsnp,B5-12,false,B5,ai-attestation-scheduler,aks-conf-12838440-vmss000005,success,2313,83.232,51.132,0.003,0.0,27.297,8.084,228.43,3591,2566,2.0,17.0,article1/results/raw/aks/performance-b1-b5/b5-012-080802.log
2026-07-06T07:08:31Z,aks-real-sevsnp,B5-13,false,B5,ai-attestation-scheduler,aks-conf-12838440-vmss000000,success,2848,26.321,46.44,0.003,0.0,26.825,8.161,185.197,4272,2861,2.0,17.0,article1/results/raw/aks/performance-b1-b5/b5-013-080816.log
2026-07-06T07:08:48Z,aks-real-sevsnp,B5-14,false,B5,ai-attestation-scheduler,aks-conf-12838440-vmss000000,success,2621,17.285,48.136,0.04,0.0,23.544,8.888,159.526,3859,2687,2.0,17.0,article1/results/raw/aks/performance-b1-b5/b5-014-080832.log
2026-07-06T07:09:05Z,aks-real-sevsnp,B5-15,false,B5,ai-attestation-scheduler,aks-conf-12838440-vmss000000,success,2515,17.898,43.143,0.003,0.0,32.905,8.133,154.049,3651,2620,2.0,17.0,article1/results/raw/aks/performance-b1-b5/b5-015-080849.log
2026-07-06T07:09:20Z,aks-real-sevsnp,B5-16,false,B5,ai-attestation-scheduler,aks-conf-12838440-vmss000000,success,2942,16.427,55.413,0.003,0.0,31.99,12.504,169.34,4108,2633,2.0,17.0,article1/results/raw/aks/performance-b1-b5/b5-016-080906.log
2026-07-06T07:09:37Z,aks-real-sevsnp,B5-17,false,B5,ai-attestation-scheduler,aks-conf-12838440-vmss000000,success,2530,77.828,47.335,0.004,0.0,22.796,8.856,211.191,3767,2359,2.0,17.0,article1/results/raw/aks/performance-b1-b5/b5-017-080921.log
2026-07-06T07:09:52Z,aks-real-sevsnp,B5-18,false,B5,ai-attestation-scheduler,aks-conf-12838440-vmss000000,success,2866,82.009,50.444,0.004,0.0,24.81,12.119,218.335,4012,2516,2.0,17.0,article1/results/raw/aks/performance-b1-b5/b5-018-080938.log
2026-07-06T07:10:06Z,aks-real-sevsnp,B5-19,false,B5,ai-attestation-scheduler,aks-conf-12838440-vmss000005,success,2285,18.342,55.794,0.005,0.0,28.682,9.619,182.724,3317,2225,2.0,17.0,article1/results/raw/aks/performance-b1-b5/b5-019-080953.log
2026-07-06T07:10:24Z,aks-real-sevsnp,B5-20,false,B5,ai-attestation-scheduler,aks-conf-12838440-vmss000000,success,3759,81.271,48.668,0.004,0.0,22.631,11.237,214.343,5051,3475,2.0,17.0,article1/results/raw/aks/performance-b1-b5/b5-020-081008.log
2026-07-06T07:10:39Z,aks-real-sevsnp,B5-21,false,B5,ai-attestation-scheduler,aks-conf-12838440-vmss000000,success,2551,87.068,45.031,0.003,0.0,32.316,7.265,224.3,3614,2455,2.0,17.0,article1/results/raw/aks/performance-b1-b5/b5-021-081025.log
2026-07-06T07:10:54Z,aks-real-sevsnp,B5-22,false,B5,ai-attestation-scheduler,aks-conf-12838440-vmss000000,success,2758,16.299,48.427,0.003,0.0,22.664,10.207,147.592,4001,2361,3.0,17.0,article1/results/raw/aks/performance-b1-b5/b5-022-081041.log
2026-07-06T07:11:08Z,aks-real-sevsnp,B5-23,false,B5,ai-attestation-scheduler,aks-conf-12838440-vmss000005,success,2441,14.933,47.297,0.008,0.0,25.568,9.235,153.5,3753,2402,3.0,17.0,article1/results/raw/aks/performance-b1-b5/b5-023-081055.log
2026-07-06T07:11:24Z,aks-real-sevsnp,B5-24,false,B5,ai-attestation-scheduler,aks-conf-12838440-vmss000000,success,2372,14.248,48.548,0.002,0.0,26.398,7.792,148.294,3527,2203,3.0,17.0,article1/results/raw/aks/performance-b1-b5/b5-024-081110.log
2026-07-06T07:11:39Z,aks-real-sevsnp,B5-25,false,B5,ai-attestation-scheduler,aks-conf-12838440-vmss000000,success,2297,88.307,59.141,0.003,0.0,29.946,17.513,256.258,3252,2399,3.0,17.0,article1/results/raw/aks/performance-b1-b5/b5-025-081125.log
2026-07-06T07:11:58Z,aks-real-sevsnp,B5-26,false,B5,ai-attestation-scheduler,aks-conf-12838440-vmss000000,success,2879,84.102,48.69,0.002,0.0,27.98,10.586,238.713,4696,3501,2.0,14.0,article1/results/raw/aks/performance-b1-b5/b5-026-081141.log
2026-07-06T07:12:13Z,aks-real-sevsnp,B5-27,false,B5,ai-attestation-scheduler,aks-conf-12838440-vmss000005,success,2794,88.138,45.47,0.005,0.0,26.039,8.508,255.104,3836,2378,2.0,14.0,article1/results/raw/aks/performance-b1-b5/b5-027-081159.log
2026-07-06T07:12:29Z,aks-real-sevsnp,B5-28,false,B5,ai-attestation-scheduler,aks-conf-12838440-vmss000000,success,2966,16.067,46.663,0.002,0.0,25.55,10.061,150.641,4118,2348,2.0,14.0,article1/results/raw/aks/performance-b1-b5/b5-028-081214.log
2026-07-06T07:12:47Z,aks-real-sevsnp,B5-29,false,B5,ai-attestation-scheduler,aks-conf-12838440-vmss000000,success,2817,83.643,50.762,0.004,0.0,28.405,11.132,235.996,4146,2917,2.0,14.0,article1/results/raw/aks/performance-b1-b5/b5-029-081230.log
2026-07-06T07:13:01Z,aks-real-sevsnp,B5-30,false,B5,ai-attestation-scheduler,aks-conf-12838440-vmss000000,success,2596,81.81,59.031,0.004,0.0,52.658,9.217,275.063,3764,2508,2.0,14.0,article1/results/raw/aks/performance-b1-b5/b5-030-081248.log
2026-07-06T07:13:15Z,aks-real-sevsnp,B5-31,false,B5,ai-attestation-scheduler,aks-conf-12838440-vmss000005,success,2425,15.352,44.977,0.003,0.0,32.836,9.14,156.586,3459,2193,2.0,14.0,article1/results/raw/aks/performance-b1-b5/b5-031-081303.log
2026-07-06T07:13:29Z,aks-real-sevsnp,B5-32,false,B5,ai-attestation-scheduler,aks-conf-12838440-vmss000000,success,2548,85.59,45.386,0.004,0.0,21.636,9.755,218.121,3567,1984,2.0,14.0,article1/results/raw/aks/performance-b1-b5/b5-032-081316.log
